,Time,class,Count,From,To
0,5:00am - 6:00am,cars_SUV,13,North,West
1,5:00am - 6:00am,motorcycles_scooters,19,North,West
2,5:00am - 6:00am,taxi,4,North,West
3,5:00am - 6:00am,buses,,North,West
4,5:00am - 6:00am,smallTrucks,2,North,West
5,5:00am - 6:00am,largeTrucks,,North,West
6,5:00am - 6:00am,bicycle_tricycle,2,North,West
7,5:00am - 6:00am,jeepney,,North,West
8,5:00am - 6:00am,motorela,44,North,West
9,5:00am - 6:00am,others,1,North,West
10,6:00am - 7:00am,cars_SUV,14,North,West
11,6:00am - 7:00am,motorcycles_scooters,47,North,West
12,6:00am - 7:00am,taxi,20,North,West
13,6:00am - 7:00am,buses,,North,West
14,6:00am - 7:00am,smallTrucks,1,North,West
15,6:00am - 7:00am,largeTrucks,,North,West
16,6:00am - 7:00am,bicycle_tricycle,7,North,West
17,6:00am - 7:00am,jeepney,,North,West
18,6:00am - 7:00am,motorela,88,North,West
19,6:00am - 7:00am,others,2,North,West
20,7:00am - 8:00am,cars_SUV,49,North,West
21,7:00am - 8:00am,motorcycles_scooters,89,North,West
22,7:00am - 8:00am,taxi,24,North,West
23,7:00am - 8:00am,buses,,North,West
24,7:00am - 8:00am,smallTrucks,2,North,West
25,7:00am - 8:00am,largeTrucks,1,North,West
26,7:00am - 8:00am,bicycle_tricycle,8,North,West
27,7:00am - 8:00am,jeepney,,North,West
28,7:00am - 8:00am,motorela,143,North,West
29,7:00am - 8:00am,others,3,North,West
30,8:00am - 9:00am,cars_SUV,116,North,West
31,8:00am - 9:00am,motorcycles_scooters,143,North,West
32,8:00am - 9:00am,taxi,27,North,West
33,8:00am - 9:00am,buses,,North,West
34,8:00am - 9:00am,smallTrucks,6,North,West
35,8:00am - 9:00am,largeTrucks,,North,West
36,8:00am - 9:00am,bicycle_tricycle,9,North,West
37,8:00am - 9:00am,jeepney,,North,West
38,8:00am - 9:00am,motorela,236,North,West
39,8:00am - 9:00am,others,7,North,West
40,9:00am - 10:00am,cars_SUV,128,North,West
41,9:00am - 10:00am,motorcycles_scooters,155,North,West
42,9:00am - 10:00am,taxi,28,North,West
43,9:00am - 10:00am,buses,,North,West
44,9:00am - 10:00am,smallTrucks,9,North,West
45,9:00am - 10:00am,largeTrucks,,North,West
46,9:00am - 10:00am,bicycle_tricycle,7,North,West
47,9:00am - 10:00am,jeepney,,North,West
48,9:00am - 10:00am,motorela,204,North,West
49,9:00am - 10:00am,others,1,North,West
50,10:00am - 11:00am,cars_SUV,137,North,West
51,10:00am - 11:00am,motorcycles_scooters,134,North,West
52,10:00am - 11:00am,taxi,40,North,West
53,10:00am - 11:00am,buses,,North,West
54,10:00am - 11:00am,smallTrucks,8,North,West
55,10:00am - 11:00am,largeTrucks,1,North,West
56,10:00am - 11:00am,bicycle_tricycle,5,North,West
57,10:00am - 11:00am,jeepney,,North,West
58,10:00am - 11:00am,motorela,178,North,West
59,10:00am - 11:00am,others,3,North,West
60,11:00am - 12:00nn,cars_SUV,126,North,West
61,11:00am - 12:00nn,motorcycles_scooters,129,North,West
62,11:00am - 12:00nn,taxi,30,North,West
63,11:00am - 12:00nn,buses,,North,West
64,11:00am - 12:00nn,smallTrucks,6,North,West
65,11:00am - 12:00nn,largeTrucks,1,North,West
66,11:00am - 12:00nn,bicycle_tricycle,14,North,West
67,11:00am - 12:00nn,jeepney,,North,West
68,11:00am - 12:00nn,motorela,193,North,West
69,11:00am - 12:00nn,others,4,North,West
70,12:00nn - 1:00pm,cars_SUV,93,North,West
71,12:00nn - 1:00pm,motorcycles_scooters,84,North,West
72,12:00nn - 1:00pm,taxi,33,North,West
73,12:00nn - 1:00pm,buses,,North,West
74,12:00nn - 1:00pm,smallTrucks,5,North,West
75,12:00nn - 1:00pm,largeTrucks,,North,West
76,12:00nn - 1:00pm,bicycle_tricycle,3,North,West
77,12:00nn - 1:00pm,jeepney,,North,West
78,12:00nn - 1:00pm,motorela,185,North,West
79,12:00nn - 1:00pm,others,,North,West
80,1:00pm - 2:00pm,cars_SUV,138,North,West
81,1:00pm - 2:00pm,motorcycles_scooters,120,North,West
82,1:00pm - 2:00pm,taxi,34,North,West
83,1:00pm - 2:00pm,buses,,North,West
84,1:00pm - 2:00pm,smallTrucks,11,North,West
85,1:00pm - 2:00pm,largeTrucks,,North,West
86,1:00pm - 2:00pm,bicycle_tricycle,6,North,West
87,1:00pm - 2:00pm,jeepney,,North,West
88,1:00pm - 2:00pm,motorela,171,North,West
89,1:00pm - 2:00pm,others,,North,West
90,2:00pm - 3:00pm,cars_SUV,139,North,West
91,2:00pm - 3:00pm,motorcycles_scooters,111,North,West
92,2:00pm - 3:00pm,taxi,19,North,West
93,2:00pm - 3:00pm,buses,,North,West
94,2:00pm - 3:00pm,smallTrucks,12,North,West
95,2:00pm - 3:00pm,largeTrucks,,North,West
96,2:00pm - 3:00pm,bicycle_tricycle,1,North,West
97,2:00pm - 3:00pm,jeepney,,North,West
98,2:00pm - 3:00pm,motorela,170,North,West
99,2:00pm - 3:00pm,others,3,North,West
100,3:00pm - 4:00pm,cars_SUV,153,North,West
101,3:00pm - 4:00pm,motorcycles_scooters,178,North,West
102,3:00pm - 4:00pm,taxi,22,North,West
103,3:00pm - 4:00pm,buses,,North,West
104,3:00pm - 4:00pm,smallTrucks,9,North,West
105,3:00pm - 4:00pm,largeTrucks,,North,West
106,3:00pm - 4:00pm,bicycle_tricycle,6,North,West
107,3:00pm - 4:00pm,jeepney,,North,West
108,3:00pm - 4:00pm,motorela,160,North,West
109,3:00pm - 4:00pm,others,1,North,West
110,4:00pm - 5:00pm,cars_SUV,143,North,West
111,4:00pm - 5:00pm,motorcycles_scooters,161,North,West
112,4:00pm - 5:00pm,taxi,31,North,West
113,4:00pm - 5:00pm,buses,,North,West
114,4:00pm - 5:00pm,smallTrucks,16,North,West
115,4:00pm - 5:00pm,largeTrucks,,North,West
116,4:00pm - 5:00pm,bicycle_tricycle,4,North,West
117,4:00pm - 5:00pm,jeepney,,North,West
118,4:00pm - 5:00pm,motorela,155,North,West
119,4:00pm - 5:00pm,others,,North,West
120,5:00pm - 6:00pm,cars_SUV,151,North,West
121,5:00pm - 6:00pm,motorcycles_scooters,191,North,West
122,5:00pm - 6:00pm,taxi,27,North,West
123,5:00pm - 6:00pm,buses,,North,West
124,5:00pm - 6:00pm,smallTrucks,9,North,West
125,5:00pm - 6:00pm,largeTrucks,,North,West
126,5:00pm - 6:00pm,bicycle_tricycle,5,North,West
127,5:00pm - 6:00pm,jeepney,,North,West
128,5:00pm - 6:00pm,motorela,157,North,West
129,5:00pm - 6:00pm,others,,North,West
130,6:00pm - 7:00pm,cars_SUV,131,North,West
131,6:00pm - 7:00pm,motorcycles_scooters,168,North,West
132,6:00pm - 7:00pm,taxi,24,North,West
133,6:00pm - 7:00pm,buses,1,North,West
134,6:00pm - 7:00pm,smallTrucks,4,North,West
135,6:00pm - 7:00pm,largeTrucks,,North,West
136,6:00pm - 7:00pm,bicycle_tricycle,8,North,West
137,6:00pm - 7:00pm,jeepney,,North,West
138,6:00pm - 7:00pm,motorela,156,North,West
139,6:00pm - 7:00pm,others,1,North,West
140,7:00pm - 8:00pm,cars_SUV,87,North,West
141,7:00pm - 8:00pm,motorcycles_scooters,83,North,West
142,7:00pm - 8:00pm,taxi,19,North,West
143,7:00pm - 8:00pm,buses,1,North,West
144,7:00pm - 8:00pm,smallTrucks,1,North,West
145,7:00pm - 8:00pm,largeTrucks,,North,West
146,7:00pm - 8:00pm,bicycle_tricycle,4,North,West
147,7:00pm - 8:00pm,jeepney,,North,West
148,7:00pm - 8:00pm,motorela,124,North,West
149,7:00pm - 8:00pm,others,,North,West
150,5:00am - 6:00am,cars_SUV,27,North,South
151,5:00am - 6:00am,motorcycles_scooters,18,North,South
152,5:00am - 6:00am,taxi,15,North,South
153,5:00am - 6:00am,buses,1,North,South
154,5:00am - 6:00am,smallTrucks,1,North,South
155,5:00am - 6:00am,largeTrucks,,North,South
156,5:00am - 6:00am,bicycle_tricycle,,North,South
157,5:00am - 6:00am,jeepney,,North,South
158,5:00am - 6:00am,motorela,2,North,South
159,5:00am - 6:00am,others,,North,South
160,6:00am - 7:00am,cars_SUV,52,North,South
161,6:00am - 7:00am,motorcycles_scooters,20,North,South
162,6:00am - 7:00am,taxi,14,North,South
163,6:00am - 7:00am,buses,4,North,South
164,6:00am - 7:00am,smallTrucks,,North,South
165,6:00am - 7:00am,largeTrucks,,North,South
166,6:00am - 7:00am,bicycle_tricycle,,North,South
167,6:00am - 7:00am,jeepney,,North,South
168,6:00am - 7:00am,motorela,,North,South
169,6:00am - 7:00am,others,,North,South
170,7:00am - 8:00am,cars_SUV,116,North,South
171,7:00am - 8:00am,motorcycles_scooters,76,North,South
172,7:00am - 8:00am,taxi,59,North,South
173,7:00am - 8:00am,buses,,North,South
174,7:00am - 8:00am,smallTrucks,4,North,South
175,7:00am - 8:00am,largeTrucks,,North,South
176,7:00am - 8:00am,bicycle_tricycle,4,North,South
177,7:00am - 8:00am,jeepney,,North,South
178,7:00am - 8:00am,motorela,1,North,South
179,7:00am - 8:00am,others,2,North,South
180,8:00am - 9:00am,cars_SUV,167,North,South
181,8:00am - 9:00am,motorcycles_scooters,70,North,South
182,8:00am - 9:00am,taxi,62,North,South
183,8:00am - 9:00am,buses,,North,South
184,8:00am - 9:00am,smallTrucks,5,North,South
185,8:00am - 9:00am,largeTrucks,,North,South
186,8:00am - 9:00am,bicycle_tricycle,4,North,South
187,8:00am - 9:00am,jeepney,,North,South
188,8:00am - 9:00am,motorela,,North,South
189,8:00am - 9:00am,others,,North,South
190,9:00am - 10:00am,cars_SUV,152,North,South
191,9:00am - 10:00am,motorcycles_scooters,66,North,South
192,9:00am - 10:00am,taxi,61,North,South
193,9:00am - 10:00am,buses,,North,South
194,9:00am - 10:00am,smallTrucks,5,North,South
195,9:00am - 10:00am,largeTrucks,1,North,South
196,9:00am - 10:00am,bicycle_tricycle,2,North,South
197,9:00am - 10:00am,jeepney,,North,South
198,9:00am - 10:00am,motorela,,North,South
199,9:00am - 10:00am,others,2,North,South
200,10:00am - 11:00am,cars_SUV,205,North,South
201,10:00am - 11:00am,motorcycles_scooters,55,North,South
202,10:00am - 11:00am,taxi,77,North,South
203,10:00am - 11:00am,buses,1,North,South
204,10:00am - 11:00am,smallTrucks,2,North,South
205,10:00am - 11:00am,largeTrucks,3,North,South
206,10:00am - 11:00am,bicycle_tricycle,1,North,South
207,10:00am - 11:00am,jeepney,,North,South
208,10:00am - 11:00am,motorela,2,North,South
209,10:00am - 11:00am,others,,North,South
210,11:00am - 12:00nn,cars_SUV,175,North,South
211,11:00am - 12:00nn,motorcycles_scooters,67,North,South
212,11:00am - 12:00nn,taxi,70,North,South
213,11:00am - 12:00nn,buses,,North,South
214,11:00am - 12:00nn,smallTrucks,1,North,South
215,11:00am - 12:00nn,largeTrucks,,North,South
216,11:00am - 12:00nn,bicycle_tricycle,,North,South
217,11:00am - 12:00nn,jeepney,,North,South
218,11:00am - 12:00nn,motorela,,North,South
219,11:00am - 12:00nn,others,1,North,South
220,12:00nn - 1:00pm,cars_SUV,163,North,South
221,12:00nn - 1:00pm,motorcycles_scooters,59,North,South
222,12:00nn - 1:00pm,taxi,47,North,South
223,12:00nn - 1:00pm,buses,1,North,South
224,12:00nn - 1:00pm,smallTrucks,4,North,South
225,12:00nn - 1:00pm,largeTrucks,,North,South
226,12:00nn - 1:00pm,bicycle_tricycle,,North,South
227,12:00nn - 1:00pm,jeepney,,North,South
228,12:00nn - 1:00pm,motorela,1,North,South
229,12:00nn - 1:00pm,others,1,North,South
230,1:00pm - 2:00pm,cars_SUV,300,North,South
231,1:00pm - 2:00pm,motorcycles_scooters,64,North,South
232,1:00pm - 2:00pm,taxi,67,North,South
233,1:00pm - 2:00pm,buses,1,North,South
234,1:00pm - 2:00pm,smallTrucks,7,North,South
235,1:00pm - 2:00pm,largeTrucks,3,North,South
236,1:00pm - 2:00pm,bicycle_tricycle,2,North,South
237,1:00pm - 2:00pm,jeepney,,North,South
238,1:00pm - 2:00pm,motorela,,North,South
239,1:00pm - 2:00pm,others,1,North,South
240,2:00pm - 3:00pm,cars_SUV,259,North,South
241,2:00pm - 3:00pm,motorcycles_scooters,85,North,South
242,2:00pm - 3:00pm,taxi,70,North,South
243,2:00pm - 3:00pm,buses,,North,South
244,2:00pm - 3:00pm,smallTrucks,1,North,South
245,2:00pm - 3:00pm,largeTrucks,4,North,South
246,2:00pm - 3:00pm,bicycle_tricycle,8,North,South
247,2:00pm - 3:00pm,jeepney,,North,South
248,2:00pm - 3:00pm,motorela,1,North,South
249,2:00pm - 3:00pm,others,,North,South
250,3:00pm - 4:00pm,cars_SUV,229,North,South
251,3:00pm - 4:00pm,motorcycles_scooters,117,North,South
252,3:00pm - 4:00pm,taxi,59,North,South
253,3:00pm - 4:00pm,buses,4,North,South
254,3:00pm - 4:00pm,smallTrucks,10,North,South
255,3:00pm - 4:00pm,largeTrucks,2,North,South
256,3:00pm - 4:00pm,bicycle_tricycle,5,North,South
257,3:00pm - 4:00pm,jeepney,,North,South
258,3:00pm - 4:00pm,motorela,,North,South
259,3:00pm - 4:00pm,others,4,North,South
260,4:00pm - 5:00pm,cars_SUV,307,North,South
261,4:00pm - 5:00pm,motorcycles_scooters,99,North,South
262,4:00pm - 5:00pm,taxi,66,North,South
263,4:00pm - 5:00pm,buses,1,North,South
264,4:00pm - 5:00pm,smallTrucks,6,North,South
265,4:00pm - 5:00pm,largeTrucks,,North,South
266,4:00pm - 5:00pm,bicycle_tricycle,2,North,South
267,4:00pm - 5:00pm,jeepney,,North,South
268,4:00pm - 5:00pm,motorela,,North,South
269,4:00pm - 5:00pm,others,,North,South
270,5:00pm - 6:00pm,cars_SUV,344,North,South
271,5:00pm - 6:00pm,motorcycles_scooters,149,North,South
272,5:00pm - 6:00pm,taxi,72,North,South
273,5:00pm - 6:00pm,buses,,North,South
274,5:00pm - 6:00pm,smallTrucks,4,North,South
275,5:00pm - 6:00pm,largeTrucks,1,North,South
276,5:00pm - 6:00pm,bicycle_tricycle,,North,South
277,5:00pm - 6:00pm,jeepney,,North,South
278,5:00pm - 6:00pm,motorela,,North,South
279,5:00pm - 6:00pm,others,3,North,South
280,6:00pm - 7:00pm,cars_SUV,385,North,South
281,6:00pm - 7:00pm,motorcycles_scooters,129,North,South
282,6:00pm - 7:00pm,taxi,28,North,South
283,6:00pm - 7:00pm,buses,,North,South
284,6:00pm - 7:00pm,smallTrucks,2,North,South
285,6:00pm - 7:00pm,largeTrucks,,North,South
286,6:00pm - 7:00pm,bicycle_tricycle,2,North,South
287,6:00pm - 7:00pm,jeepney,,North,South
288,6:00pm - 7:00pm,motorela,,North,South
289,6:00pm - 7:00pm,others,,North,South
290,7:00pm - 8:00pm,cars_SUV,304,North,South
291,7:00pm - 8:00pm,motorcycles_scooters,93,North,South
292,7:00pm - 8:00pm,taxi,66,North,South
293,7:00pm - 8:00pm,buses,,North,South
294,7:00pm - 8:00pm,smallTrucks,1,North,South
295,7:00pm - 8:00pm,largeTrucks,,North,South
296,7:00pm - 8:00pm,bicycle_tricycle,2,North,South
297,7:00pm - 8:00pm,jeepney,,North,South
298,7:00pm - 8:00pm,motorela,1,North,South
299,7:00pm - 8:00pm,others,1,North,South
300,5:00am - 6:00am,cars_SUV,,South,East
301,5:00am - 6:00am,motorcycles_scooters,0,South,East
302,5:00am - 6:00am,taxi,,South,East
303,5:00am - 6:00am,buses,,South,East
304,5:00am - 6:00am,smallTrucks,,South,East
305,5:00am - 6:00am,largeTrucks,,South,East
306,5:00am - 6:00am,bicycle_tricycle,,South,East
307,5:00am - 6:00am,jeepney,,South,East
308,5:00am - 6:00am,motorela,2,South,East
309,5:00am - 6:00am,others,,South,East
310,6:00am - 7:00am,cars_SUV,1,South,East
311,6:00am - 7:00am,motorcycles_scooters,2,South,East
312,6:00am - 7:00am,taxi,,South,East
313,6:00am - 7:00am,buses,,South,East
314,6:00am - 7:00am,smallTrucks,,South,East
315,6:00am - 7:00am,largeTrucks,,South,East
316,6:00am - 7:00am,bicycle_tricycle,,South,East
317,6:00am - 7:00am,jeepney,,South,East
318,6:00am - 7:00am,motorela,4,South,East
319,6:00am - 7:00am,others,,South,East
320,7:00am - 8:00am,cars_SUV,12,South,East
321,7:00am - 8:00am,motorcycles_scooters,9,South,East
322,7:00am - 8:00am,taxi,2,South,East
323,7:00am - 8:00am,buses,,South,East
324,7:00am - 8:00am,smallTrucks,,South,East
325,7:00am - 8:00am,largeTrucks,,South,East
326,7:00am - 8:00am,bicycle_tricycle,,South,East
327,7:00am - 8:00am,jeepney,,South,East
328,7:00am - 8:00am,motorela,10,South,East
329,7:00am - 8:00am,others,,South,East
330,8:00am - 9:00am,cars_SUV,17,South,East
331,8:00am - 9:00am,motorcycles_scooters,10,South,East
332,8:00am - 9:00am,taxi,2,South,East
333,8:00am - 9:00am,buses,,South,East
334,8:00am - 9:00am,smallTrucks,1,South,East
335,8:00am - 9:00am,largeTrucks,,South,East
336,8:00am - 9:00am,bicycle_tricycle,,South,East
337,8:00am - 9:00am,jeepney,,South,East
338,8:00am - 9:00am,motorela,11,South,East
339,8:00am - 9:00am,others,,South,East
340,9:00am - 10:00am,cars_SUV,6,South,East
341,9:00am - 10:00am,motorcycles_scooters,6,South,East
342,9:00am - 10:00am,taxi,1,South,East
343,9:00am - 10:00am,buses,,South,East
344,9:00am - 10:00am,smallTrucks,,South,East
345,9:00am - 10:00am,largeTrucks,,South,East
346,9:00am - 10:00am,bicycle_tricycle,,South,East
347,9:00am - 10:00am,jeepney,,South,East
348,9:00am - 10:00am,motorela,6,South,East
349,9:00am - 10:00am,others,,South,East
350,10:00am - 11:00am,cars_SUV,12,South,East
351,10:00am - 11:00am,motorcycles_scooters,13,South,East
352,10:00am - 11:00am,taxi,,South,East
353,10:00am - 11:00am,buses,,South,East
354,10:00am - 11:00am,smallTrucks,1,South,East
355,10:00am - 11:00am,largeTrucks,,South,East
356,10:00am - 11:00am,bicycle_tricycle,,South,East
357,10:00am - 11:00am,jeepney,,South,East
358,10:00am - 11:00am,motorela,15,South,East
359,10:00am - 11:00am,others,,South,East
360,11:00am - 12:00nn,cars_SUV,13,South,East
361,11:00am - 12:00nn,motorcycles_scooters,13,South,East
362,11:00am - 12:00nn,taxi,3,South,East
363,11:00am - 12:00nn,buses,,South,East
364,11:00am - 12:00nn,smallTrucks,,South,East
365,11:00am - 12:00nn,largeTrucks,,South,East
366,11:00am - 12:00nn,bicycle_tricycle,,South,East
367,11:00am - 12:00nn,jeepney,,South,East
368,11:00am - 12:00nn,motorela,6,South,East
369,11:00am - 12:00nn,others,,South,East
370,12:00nn - 1:00pm,cars_SUV,8,South,East
371,12:00nn - 1:00pm,motorcycles_scooters,7,South,East
372,12:00nn - 1:00pm,taxi,4,South,East
373,12:00nn - 1:00pm,buses,,South,East
374,12:00nn - 1:00pm,smallTrucks,,South,East
375,12:00nn - 1:00pm,largeTrucks,,South,East
376,12:00nn - 1:00pm,bicycle_tricycle,,South,East
377,12:00nn - 1:00pm,jeepney,,South,East
378,12:00nn - 1:00pm,motorela,2,South,East
379,12:00nn - 1:00pm,others,1,South,East
380,1:00pm - 2:00pm,cars_SUV,15,South,East
381,1:00pm - 2:00pm,motorcycles_scooters,18,South,East
382,1:00pm - 2:00pm,taxi,5,South,East
383,1:00pm - 2:00pm,buses,,South,East
384,1:00pm - 2:00pm,smallTrucks,,South,East
385,1:00pm - 2:00pm,largeTrucks,,South,East
386,1:00pm - 2:00pm,bicycle_tricycle,,South,East
387,1:00pm - 2:00pm,jeepney,,South,East
388,1:00pm - 2:00pm,motorela,21,South,East
389,1:00pm - 2:00pm,others,,South,East
390,2:00pm - 3:00pm,cars_SUV,13,South,East
391,2:00pm - 3:00pm,motorcycles_scooters,15,South,East
392,2:00pm - 3:00pm,taxi,2,South,East
393,2:00pm - 3:00pm,buses,,South,East
394,2:00pm - 3:00pm,smallTrucks,,South,East
395,2:00pm - 3:00pm,largeTrucks,,South,East
396,2:00pm - 3:00pm,bicycle_tricycle,,South,East
397,2:00pm - 3:00pm,jeepney,,South,East
398,2:00pm - 3:00pm,motorela,4,South,East
399,2:00pm - 3:00pm,others,,South,East
400,3:00pm - 4:00pm,cars_SUV,18,South,East
401,3:00pm - 4:00pm,motorcycles_scooters,13,South,East
402,3:00pm - 4:00pm,taxi,1,South,East
403,3:00pm - 4:00pm,buses,,South,East
404,3:00pm - 4:00pm,smallTrucks,,South,East
405,3:00pm - 4:00pm,largeTrucks,,South,East
406,3:00pm - 4:00pm,bicycle_tricycle,,South,East
407,3:00pm - 4:00pm,jeepney,,South,East
408,3:00pm - 4:00pm,motorela,10,South,East
409,3:00pm - 4:00pm,others,,South,East
410,4:00pm - 5:00pm,cars_SUV,14,South,East
411,4:00pm - 5:00pm,motorcycles_scooters,9,South,East
412,4:00pm - 5:00pm,taxi,,South,East
413,4:00pm - 5:00pm,buses,,South,East
414,4:00pm - 5:00pm,smallTrucks,1,South,East
415,4:00pm - 5:00pm,largeTrucks,,South,East
416,4:00pm - 5:00pm,bicycle_tricycle,,South,East
417,4:00pm - 5:00pm,jeepney,,South,East
418,4:00pm - 5:00pm,motorela,8,South,East
419,4:00pm - 5:00pm,others,1,South,East
420,5:00pm - 6:00pm,cars_SUV,10,South,East
421,5:00pm - 6:00pm,motorcycles_scooters,10,South,East
422,5:00pm - 6:00pm,taxi,2,South,East
423,5:00pm - 6:00pm,buses,,South,East
424,5:00pm - 6:00pm,smallTrucks,,South,East
425,5:00pm - 6:00pm,largeTrucks,,South,East
426,5:00pm - 6:00pm,bicycle_tricycle,,South,East
427,5:00pm - 6:00pm,jeepney,,South,East
428,5:00pm - 6:00pm,motorela,9,South,East
429,5:00pm - 6:00pm,others,2,South,East
430,6:00pm - 7:00pm,cars_SUV,10,South,East
431,6:00pm - 7:00pm,motorcycles_scooters,12,South,East
432,6:00pm - 7:00pm,taxi,,South,East
433,6:00pm - 7:00pm,buses,,South,East
434,6:00pm - 7:00pm,smallTrucks,1,South,East
435,6:00pm - 7:00pm,largeTrucks,,South,East
436,6:00pm - 7:00pm,bicycle_tricycle,,South,East
437,6:00pm - 7:00pm,jeepney,,South,East
438,6:00pm - 7:00pm,motorela,9,South,East
439,6:00pm - 7:00pm,others,4,South,East
440,7:00pm - 8:00pm,cars_SUV,7,South,East
441,7:00pm - 8:00pm,motorcycles_scooters,4,South,East
442,7:00pm - 8:00pm,taxi,,South,East
443,7:00pm - 8:00pm,buses,,South,East
444,7:00pm - 8:00pm,smallTrucks,,South,East
445,7:00pm - 8:00pm,largeTrucks,,South,East
446,7:00pm - 8:00pm,bicycle_tricycle,,South,East
447,7:00pm - 8:00pm,jeepney,,South,East
448,7:00pm - 8:00pm,motorela,11,South,East
449,7:00pm - 8:00pm,others,2,South,East
450,5:00am - 6:00am,cars_SUV,35,South,North
451,5:00am - 6:00am,motorcycles_scooters,60,South,North
452,5:00am - 6:00am,taxi,35,South,North
453,5:00am - 6:00am,buses,2,South,North
454,5:00am - 6:00am,smallTrucks,3,South,North
455,5:00am - 6:00am,largeTrucks,1,South,North
456,5:00am - 6:00am,bicycle_tricycle,,South,North
457,5:00am - 6:00am,jeepney,16,South,North
458,5:00am - 6:00am,motorela,41,South,North
459,5:00am - 6:00am,others,,South,North
460,6:00am - 7:00am,cars_SUV,79,South,North
461,6:00am - 7:00am,motorcycles_scooters,111,South,North
462,6:00am - 7:00am,taxi,11,South,North
463,6:00am - 7:00am,buses,3,South,North
464,6:00am - 7:00am,smallTrucks,5,South,North
465,6:00am - 7:00am,largeTrucks,,South,North
466,6:00am - 7:00am,bicycle_tricycle,,South,North
467,6:00am - 7:00am,jeepney,23,South,North
468,6:00am - 7:00am,motorela,81,South,North
469,6:00am - 7:00am,others,4,South,North
470,7:00am - 8:00am,cars_SUV,185,South,North
471,7:00am - 8:00am,motorcycles_scooters,133,South,North
472,7:00am - 8:00am,taxi,48,South,North
473,7:00am - 8:00am,buses,2,South,North
474,7:00am - 8:00am,smallTrucks,3,South,North
475,7:00am - 8:00am,largeTrucks,,South,North
476,7:00am - 8:00am,bicycle_tricycle,,South,North
477,7:00am - 8:00am,jeepney,39,South,North
478,7:00am - 8:00am,motorela,117,South,North
479,7:00am - 8:00am,others,3,South,North
480,8:00am - 9:00am,cars_SUV,254,South,North
481,8:00am - 9:00am,motorcycles_scooters,162,South,North
482,8:00am - 9:00am,taxi,79,South,North
483,8:00am - 9:00am,buses,1,South,North
484,8:00am - 9:00am,smallTrucks,10,South,North
485,8:00am - 9:00am,largeTrucks,,South,North
486,8:00am - 9:00am,bicycle_tricycle,,South,North
487,8:00am - 9:00am,jeepney,41,South,North
488,8:00am - 9:00am,motorela,183,South,North
489,8:00am - 9:00am,others,3,South,North
490,9:00am - 10:00am,cars_SUV,275,South,North
491,9:00am - 10:00am,motorcycles_scooters,130,South,North
492,9:00am - 10:00am,taxi,89,South,North
493,9:00am - 10:00am,buses,,South,North
494,9:00am - 10:00am,smallTrucks,12,South,North
495,9:00am - 10:00am,largeTrucks,1,South,North
496,9:00am - 10:00am,bicycle_tricycle,,South,North
497,9:00am - 10:00am,jeepney,32,South,North
498,9:00am - 10:00am,motorela,154,South,North
499,9:00am - 10:00am,others,4,South,North
500,10:00am - 11:00am,cars_SUV,258,South,North
501,10:00am - 11:00am,motorcycles_scooters,116,South,North
502,10:00am - 11:00am,taxi,82,South,North
503,10:00am - 11:00am,buses,,South,North
504,10:00am - 11:00am,smallTrucks,10,South,North
505,10:00am - 11:00am,largeTrucks,2,South,North
506,10:00am - 11:00am,bicycle_tricycle,,South,North
507,10:00am - 11:00am,jeepney,25,South,North
508,10:00am - 11:00am,motorela,150,South,North
509,10:00am - 11:00am,others,3,South,North
510,11:00am - 12:00nn,cars_SUV,274,South,North
511,11:00am - 12:00nn,motorcycles_scooters,103,South,North
512,11:00am - 12:00nn,taxi,100,South,North
513,11:00am - 12:00nn,buses,,South,North
514,11:00am - 12:00nn,smallTrucks,14,South,North
515,11:00am - 12:00nn,largeTrucks,1,South,North
516,11:00am - 12:00nn,bicycle_tricycle,,South,North
517,11:00am - 12:00nn,jeepney,38,South,North
518,11:00am - 12:00nn,motorela,167,South,North
519,11:00am - 12:00nn,others,4,South,North
520,12:00nn - 1:00pm,cars_SUV,278,South,North
521,12:00nn - 1:00pm,motorcycles_scooters,101,South,North
522,12:00nn - 1:00pm,taxi,104,South,North
523,12:00nn - 1:00pm,buses,3,South,North
524,12:00nn - 1:00pm,smallTrucks,,South,North
525,12:00nn - 1:00pm,largeTrucks,,South,North
526,12:00nn - 1:00pm,bicycle_tricycle,,South,North
527,12:00nn - 1:00pm,jeepney,26,South,North
528,12:00nn - 1:00pm,motorela,151,South,North
529,12:00nn - 1:00pm,others,2,South,North
530,1:00pm - 2:00pm,cars_SUV,306,South,North
531,1:00pm - 2:00pm,motorcycles_scooters,111,South,North
532,1:00pm - 2:00pm,taxi,102,South,North
533,1:00pm - 2:00pm,buses,,South,North
534,1:00pm - 2:00pm,smallTrucks,9,South,North
535,1:00pm - 2:00pm,largeTrucks,,South,North
536,1:00pm - 2:00pm,bicycle_tricycle,,South,North
537,1:00pm - 2:00pm,jeepney,19,South,North
538,1:00pm - 2:00pm,motorela,147,South,North
539,1:00pm - 2:00pm,others,4,South,North
540,2:00pm - 3:00pm,cars_SUV,293,South,North
541,2:00pm - 3:00pm,motorcycles_scooters,117,South,North
542,2:00pm - 3:00pm,taxi,99,South,North
543,2:00pm - 3:00pm,buses,,South,North
544,2:00pm - 3:00pm,smallTrucks,20,South,North
545,2:00pm - 3:00pm,largeTrucks,,South,North
546,2:00pm - 3:00pm,bicycle_tricycle,,South,North
547,2:00pm - 3:00pm,jeepney,24,South,North
548,2:00pm - 3:00pm,motorela,137,South,North
549,2:00pm - 3:00pm,others,,South,North
550,3:00pm - 4:00pm,cars_SUV,320,South,North
551,3:00pm - 4:00pm,motorcycles_scooters,138,South,North
552,3:00pm - 4:00pm,taxi,115,South,North
553,3:00pm - 4:00pm,buses,,South,North
554,3:00pm - 4:00pm,smallTrucks,3,South,North
555,3:00pm - 4:00pm,largeTrucks,3,South,North
556,3:00pm - 4:00pm,bicycle_tricycle,,South,North
557,3:00pm - 4:00pm,jeepney,18,South,North
558,3:00pm - 4:00pm,motorela,144,South,North
559,3:00pm - 4:00pm,others,1,South,North
560,4:00pm - 5:00pm,cars_SUV,280,South,North
561,4:00pm - 5:00pm,motorcycles_scooters,100,South,North
562,4:00pm - 5:00pm,taxi,94,South,North
563,4:00pm - 5:00pm,buses,,South,North
564,4:00pm - 5:00pm,smallTrucks,11,South,North
565,4:00pm - 5:00pm,largeTrucks,,South,North
566,4:00pm - 5:00pm,bicycle_tricycle,,South,North
567,4:00pm - 5:00pm,jeepney,16,South,North
568,4:00pm - 5:00pm,motorela,89,South,North
569,4:00pm - 5:00pm,others,3,South,North
570,5:00pm - 6:00pm,cars_SUV,270,South,North
571,5:00pm - 6:00pm,motorcycles_scooters,112,South,North
572,5:00pm - 6:00pm,taxi,111,South,North
573,5:00pm - 6:00pm,buses,,South,North
574,5:00pm - 6:00pm,smallTrucks,3,South,North
575,5:00pm - 6:00pm,largeTrucks,,South,North
576,5:00pm - 6:00pm,bicycle_tricycle,,South,North
577,5:00pm - 6:00pm,jeepney,20,South,North
578,5:00pm - 6:00pm,motorela,130,South,North
579,5:00pm - 6:00pm,others,1,South,North
580,6:00pm - 7:00pm,cars_SUV,252,South,North
581,6:00pm - 7:00pm,motorcycles_scooters,150,South,North
582,6:00pm - 7:00pm,taxi,85,South,North
583,6:00pm - 7:00pm,buses,,South,North
584,6:00pm - 7:00pm,smallTrucks,1,South,North
585,6:00pm - 7:00pm,largeTrucks,,South,North
586,6:00pm - 7:00pm,bicycle_tricycle,,South,North
587,6:00pm - 7:00pm,jeepney,22,South,North
588,6:00pm - 7:00pm,motorela,157,South,North
589,6:00pm - 7:00pm,others,1,South,North
590,7:00pm - 8:00pm,cars_SUV,165,South,North
591,7:00pm - 8:00pm,motorcycles_scooters,74,South,North
592,7:00pm - 8:00pm,taxi,85,South,North
593,7:00pm - 8:00pm,buses,,South,North
594,7:00pm - 8:00pm,smallTrucks,4,South,North
595,7:00pm - 8:00pm,largeTrucks,,South,North
596,7:00pm - 8:00pm,bicycle_tricycle,,South,North
597,7:00pm - 8:00pm,jeepney,20,South,North
598,7:00pm - 8:00pm,motorela,136,South,North
599,7:00pm - 8:00pm,others,,South,North
600,5:00am - 6:00am,cars_SUV,,West,South
601,5:00am - 6:00am,motorcycles_scooters,,West,South
602,5:00am - 6:00am,taxi,,West,South
603,5:00am - 6:00am,buses,,West,South
604,5:00am - 6:00am,smallTrucks,,West,South
605,5:00am - 6:00am,largeTrucks,,West,South
606,5:00am - 6:00am,bicycle_tricycle,,West,South
607,5:00am - 6:00am,jeepney,,West,South
608,5:00am - 6:00am,motorela,,West,South
609,5:00am - 6:00am,others,,West,South
610,6:00am - 7:00am,cars_SUV,,West,South
611,6:00am - 7:00am,motorcycles_scooters,,West,South
612,6:00am - 7:00am,taxi,,West,South
613,6:00am - 7:00am,buses,,West,South
614,6:00am - 7:00am,smallTrucks,,West,South
615,6:00am - 7:00am,largeTrucks,,West,South
616,6:00am - 7:00am,bicycle_tricycle,,West,South
617,6:00am - 7:00am,jeepney,,West,South
618,6:00am - 7:00am,motorela,,West,South
619,6:00am - 7:00am,others,,West,South
620,7:00am - 8:00am,cars_SUV,1,West,South
621,7:00am - 8:00am,motorcycles_scooters,1,West,South
622,7:00am - 8:00am,taxi,,West,South
623,7:00am - 8:00am,buses,,West,South
624,7:00am - 8:00am,smallTrucks,,West,South
625,7:00am - 8:00am,largeTrucks,,West,South
626,7:00am - 8:00am,bicycle_tricycle,,West,South
627,7:00am - 8:00am,jeepney,,West,South
628,7:00am - 8:00am,motorela,,West,South
629,7:00am - 8:00am,others,,West,South
630,8:00am - 9:00am,cars_SUV,2,West,South
631,8:00am - 9:00am,motorcycles_scooters,6,West,South
632,8:00am - 9:00am,taxi,,West,South
633,8:00am - 9:00am,buses,,West,South
634,8:00am - 9:00am,smallTrucks,,West,South
635,8:00am - 9:00am,largeTrucks,,West,South
636,8:00am - 9:00am,bicycle_tricycle,,West,South
637,8:00am - 9:00am,jeepney,,West,South
638,8:00am - 9:00am,motorela,,West,South
639,8:00am - 9:00am,others,,West,South
640,9:00am - 10:00am,cars_SUV,7,West,South
641,9:00am - 10:00am,motorcycles_scooters,9,West,South
642,9:00am - 10:00am,taxi,,West,South
643,9:00am - 10:00am,buses,,West,South
644,9:00am - 10:00am,smallTrucks,1,West,South
645,9:00am - 10:00am,largeTrucks,,West,South
646,9:00am - 10:00am,bicycle_tricycle,,West,South
647,9:00am - 10:00am,jeepney,,West,South
648,9:00am - 10:00am,motorela,,West,South
649,9:00am - 10:00am,others,,West,South
650,10:00am - 11:00am,cars_SUV,1,West,South
651,10:00am - 11:00am,motorcycles_scooters,3,West,South
652,10:00am - 11:00am,taxi,2,West,South
653,10:00am - 11:00am,buses,,West,South
654,10:00am - 11:00am,smallTrucks,1,West,South
655,10:00am - 11:00am,largeTrucks,,West,South
656,10:00am - 11:00am,bicycle_tricycle,,West,South
657,10:00am - 11:00am,jeepney,,West,South
658,10:00am - 11:00am,motorela,1,West,South
659,10:00am - 11:00am,others,,West,South
660,11:00am - 12:00nn,cars_SUV,4,West,South
661,11:00am - 12:00nn,motorcycles_scooters,2,West,South
662,11:00am - 12:00nn,taxi,2,West,South
663,11:00am - 12:00nn,buses,,West,South
664,11:00am - 12:00nn,smallTrucks,,West,South
665,11:00am - 12:00nn,largeTrucks,,West,South
666,11:00am - 12:00nn,bicycle_tricycle,,West,South
667,11:00am - 12:00nn,jeepney,1,West,South
668,11:00am - 12:00nn,motorela,,West,South
669,11:00am - 12:00nn,others,,West,South
670,12:00nn - 1:00pm,cars_SUV,5,West,South
671,12:00nn - 1:00pm,motorcycles_scooters,6,West,South
672,12:00nn - 1:00pm,taxi,1,West,South
673,12:00nn - 1:00pm,buses,,West,South
674,12:00nn - 1:00pm,smallTrucks,,West,South
675,12:00nn - 1:00pm,largeTrucks,,West,South
676,12:00nn - 1:00pm,bicycle_tricycle,,West,South
677,12:00nn - 1:00pm,jeepney,,West,South
678,12:00nn - 1:00pm,motorela,,West,South
679,12:00nn - 1:00pm,others,,West,South
680,1:00pm - 2:00pm,cars_SUV,6,West,South
681,1:00pm - 2:00pm,motorcycles_scooters,2,West,South
682,1:00pm - 2:00pm,taxi,,West,South
683,1:00pm - 2:00pm,buses,,West,South
684,1:00pm - 2:00pm,smallTrucks,,West,South
685,1:00pm - 2:00pm,largeTrucks,,West,South
686,1:00pm - 2:00pm,bicycle_tricycle,,West,South
687,1:00pm - 2:00pm,jeepney,,West,South
688,1:00pm - 2:00pm,motorela,,West,South
689,1:00pm - 2:00pm,others,,West,South
690,2:00pm - 3:00pm,cars_SUV,2,West,South
691,2:00pm - 3:00pm,motorcycles_scooters,3,West,South
692,2:00pm - 3:00pm,taxi,1,West,South
693,2:00pm - 3:00pm,buses,,West,South
694,2:00pm - 3:00pm,smallTrucks,,West,South
695,2:00pm - 3:00pm,largeTrucks,,West,South
696,2:00pm - 3:00pm,bicycle_tricycle,,West,South
697,2:00pm - 3:00pm,jeepney,,West,South
698,2:00pm - 3:00pm,motorela,,West,South
699,2:00pm - 3:00pm,others,,West,South
700,3:00pm - 4:00pm,cars_SUV,2,West,South
701,3:00pm - 4:00pm,motorcycles_scooters,9,West,South
702,3:00pm - 4:00pm,taxi,,West,South
703,3:00pm - 4:00pm,buses,,West,South
704,3:00pm - 4:00pm,smallTrucks,,West,South
705,3:00pm - 4:00pm,largeTrucks,,West,South
706,3:00pm - 4:00pm,bicycle_tricycle,,West,South
707,3:00pm - 4:00pm,jeepney,,West,South
708,3:00pm - 4:00pm,motorela,,West,South
709,3:00pm - 4:00pm,others,,West,South
710,4:00pm - 5:00pm,cars_SUV,3,West,South
711,4:00pm - 5:00pm,motorcycles_scooters,7,West,South
712,4:00pm - 5:00pm,taxi,1,West,South
713,4:00pm - 5:00pm,buses,,West,South
714,4:00pm - 5:00pm,smallTrucks,,West,South
715,4:00pm - 5:00pm,largeTrucks,,West,South
716,4:00pm - 5:00pm,bicycle_tricycle,,West,South
717,4:00pm - 5:00pm,jeepney,,West,South
718,4:00pm - 5:00pm,motorela,,West,South
719,4:00pm - 5:00pm,others,,West,South
720,5:00pm - 6:00pm,cars_SUV,5,West,South
721,5:00pm - 6:00pm,motorcycles_scooters,6,West,South
722,5:00pm - 6:00pm,taxi,1,West,South
723,5:00pm - 6:00pm,buses,,West,South
724,5:00pm - 6:00pm,smallTrucks,,West,South
725,5:00pm - 6:00pm,largeTrucks,,West,South
726,5:00pm - 6:00pm,bicycle_tricycle,,West,South
727,5:00pm - 6:00pm,jeepney,,West,South
728,5:00pm - 6:00pm,motorela,,West,South
729,5:00pm - 6:00pm,others,,West,South
730,6:00pm - 7:00pm,cars_SUV,4,West,South
731,6:00pm - 7:00pm,motorcycles_scooters,6,West,South
732,6:00pm - 7:00pm,taxi,,West,South
733,6:00pm - 7:00pm,buses,,West,South
734,6:00pm - 7:00pm,smallTrucks,,West,South
735,6:00pm - 7:00pm,largeTrucks,,West,South
736,6:00pm - 7:00pm,bicycle_tricycle,,West,South
737,6:00pm - 7:00pm,jeepney,,West,South
738,6:00pm - 7:00pm,motorela,,West,South
739,6:00pm - 7:00pm,others,,West,South
740,7:00pm - 8:00pm,cars_SUV,3,West,South
741,7:00pm - 8:00pm,motorcycles_scooters,3,West,South
742,7:00pm - 8:00pm,taxi,,West,South
743,7:00pm - 8:00pm,buses,,West,South
744,7:00pm - 8:00pm,smallTrucks,2,West,South
745,7:00pm - 8:00pm,largeTrucks,,West,South
746,7:00pm - 8:00pm,bicycle_tricycle,,West,South
747,7:00pm - 8:00pm,jeepney,,West,South
748,7:00pm - 8:00pm,motorela,,West,South
749,7:00pm - 8:00pm,others,,West,South
750,5:00am - 6:00am,cars_SUV,5,West,East
751,5:00am - 6:00am,motorcycles_scooters,22,West,East
752,5:00am - 6:00am,taxi,5,West,East
753,5:00am - 6:00am,buses,,West,East
754,5:00am - 6:00am,smallTrucks,1,West,East
755,5:00am - 6:00am,largeTrucks,,West,East
756,5:00am - 6:00am,bicycle_tricycle,,West,East
757,5:00am - 6:00am,jeepney,1,West,East
758,5:00am - 6:00am,motorela,59,West,East
759,5:00am - 6:00am,others,8,West,East
760,6:00am - 7:00am,cars_SUV,13,West,East
761,6:00am - 7:00am,motorcycles_scooters,48,West,East
762,6:00am - 7:00am,taxi,1,West,East
763,6:00am - 7:00am,buses,,West,East
764,6:00am - 7:00am,smallTrucks,,West,East
765,6:00am - 7:00am,largeTrucks,1,West,East
766,6:00am - 7:00am,bicycle_tricycle,,West,East
767,6:00am - 7:00am,jeepney,1,West,East
768,6:00am - 7:00am,motorela,71,West,East
769,6:00am - 7:00am,others,4,West,East
770,7:00am - 8:00am,cars_SUV,35,West,East
771,7:00am - 8:00am,motorcycles_scooters,87,West,East
772,7:00am - 8:00am,taxi,8,West,East
773,7:00am - 8:00am,buses,,West,East
774,7:00am - 8:00am,smallTrucks,,West,East
775,7:00am - 8:00am,largeTrucks,,West,East
776,7:00am - 8:00am,bicycle_tricycle,,West,East
777,7:00am - 8:00am,jeepney,,West,East
778,7:00am - 8:00am,motorela,110,West,East
779,7:00am - 8:00am,others,6,West,East
780,8:00am - 9:00am,cars_SUV,75,West,East
781,8:00am - 9:00am,motorcycles_scooters,136,West,East
782,8:00am - 9:00am,taxi,14,West,East
783,8:00am - 9:00am,buses,,West,East
784,8:00am - 9:00am,smallTrucks,2,West,East
785,8:00am - 9:00am,largeTrucks,,West,East
786,8:00am - 9:00am,bicycle_tricycle,,West,East
787,8:00am - 9:00am,jeepney,,West,East
788,8:00am - 9:00am,motorela,137,West,East
789,8:00am - 9:00am,others,14,West,East
790,9:00am - 10:00am,cars_SUV,71,West,East
791,9:00am - 10:00am,motorcycles_scooters,131,West,East
792,9:00am - 10:00am,taxi,14,West,East
793,9:00am - 10:00am,buses,,West,East
794,9:00am - 10:00am,smallTrucks,6,West,East
795,9:00am - 10:00am,largeTrucks,,West,East
796,9:00am - 10:00am,bicycle_tricycle,,West,East
797,9:00am - 10:00am,jeepney,,West,East
798,9:00am - 10:00am,motorela,130,West,East
799,9:00am - 10:00am,others,8,West,East
800,10:00am - 11:00am,cars_SUV,83,West,East
801,10:00am - 11:00am,motorcycles_scooters,83,West,East
802,10:00am - 11:00am,taxi,26,West,East
803,10:00am - 11:00am,buses,,West,East
804,10:00am - 11:00am,smallTrucks,3,West,East
805,10:00am - 11:00am,largeTrucks,,West,East
806,10:00am - 11:00am,bicycle_tricycle,,West,East
807,10:00am - 11:00am,jeepney,1,West,East
808,10:00am - 11:00am,motorela,134,West,East
809,10:00am - 11:00am,others,9,West,East
810,11:00am - 12:00nn,cars_SUV,82,West,East
811,11:00am - 12:00nn,motorcycles_scooters,130,West,East
812,11:00am - 12:00nn,taxi,25,West,East
813,11:00am - 12:00nn,buses,,West,East
814,11:00am - 12:00nn,smallTrucks,4,West,East
815,11:00am - 12:00nn,largeTrucks,1,West,East
816,11:00am - 12:00nn,bicycle_tricycle,,West,East
817,11:00am - 12:00nn,jeepney,1,West,East
818,11:00am - 12:00nn,motorela,128,West,East
819,11:00am - 12:00nn,others,9,West,East
820,12:00nn - 1:00pm,cars_SUV,52,West,East
821,12:00nn - 1:00pm,motorcycles_scooters,53,West,East
822,12:00nn - 1:00pm,taxi,10,West,East
823,12:00nn - 1:00pm,buses,,West,East
824,12:00nn - 1:00pm,smallTrucks,2,West,East
825,12:00nn - 1:00pm,largeTrucks,,West,East
826,12:00nn - 1:00pm,bicycle_tricycle,,West,East
827,12:00nn - 1:00pm,jeepney,,West,East
828,12:00nn - 1:00pm,motorela,75,West,East
829,12:00nn - 1:00pm,others,1,West,East
830,1:00pm - 2:00pm,cars_SUV,66,West,East
831,1:00pm - 2:00pm,motorcycles_scooters,72,West,East
832,1:00pm - 2:00pm,taxi,19,West,East
833,1:00pm - 2:00pm,buses,,West,East
834,1:00pm - 2:00pm,smallTrucks,7,West,East
835,1:00pm - 2:00pm,largeTrucks,,West,East
836,1:00pm - 2:00pm,bicycle_tricycle,,West,East
837,1:00pm - 2:00pm,jeepney,3,West,East
838,1:00pm - 2:00pm,motorela,109,West,East
839,1:00pm - 2:00pm,others,2,West,East
840,2:00pm - 3:00pm,cars_SUV,68,West,East
841,2:00pm - 3:00pm,motorcycles_scooters,87,West,East
842,2:00pm - 3:00pm,taxi,15,West,East
843,2:00pm - 3:00pm,buses,,West,East
844,2:00pm - 3:00pm,smallTrucks,8,West,East
845,2:00pm - 3:00pm,largeTrucks,,West,East
846,2:00pm - 3:00pm,bicycle_tricycle,,West,East
847,2:00pm - 3:00pm,jeepney,1,West,East
848,2:00pm - 3:00pm,motorela,103,West,East
849,2:00pm - 3:00pm,others,2,West,East
850,3:00pm - 4:00pm,cars_SUV,88,West,East
851,3:00pm - 4:00pm,motorcycles_scooters,110,West,East
852,3:00pm - 4:00pm,taxi,13,West,East
853,3:00pm - 4:00pm,buses,,West,East
854,3:00pm - 4:00pm,smallTrucks,11,West,East
855,3:00pm - 4:00pm,largeTrucks,,West,East
856,3:00pm - 4:00pm,bicycle_tricycle,,West,East
857,3:00pm - 4:00pm,jeepney,1,West,East
858,3:00pm - 4:00pm,motorela,129,West,East
859,3:00pm - 4:00pm,others,3,West,East
860,4:00pm - 5:00pm,cars_SUV,57,West,East
861,4:00pm - 5:00pm,motorcycles_scooters,95,West,East
862,4:00pm - 5:00pm,taxi,10,West,East
863,4:00pm - 5:00pm,buses,,West,East
864,4:00pm - 5:00pm,smallTrucks,4,West,East
865,4:00pm - 5:00pm,largeTrucks,,West,East
866,4:00pm - 5:00pm,bicycle_tricycle,,West,East
867,4:00pm - 5:00pm,jeepney,3,West,East
868,4:00pm - 5:00pm,motorela,180,West,East
869,4:00pm - 5:00pm,others,1,West,East
870,5:00pm - 6:00pm,cars_SUV,45,West,East
871,5:00pm - 6:00pm,motorcycles_scooters,118,West,East
872,5:00pm - 6:00pm,taxi,15,West,East
873,5:00pm - 6:00pm,buses,,West,East
874,5:00pm - 6:00pm,smallTrucks,3,West,East
875,5:00pm - 6:00pm,largeTrucks,,West,East
876,5:00pm - 6:00pm,bicycle_tricycle,,West,East
877,5:00pm - 6:00pm,jeepney,,West,East
878,5:00pm - 6:00pm,motorela,115,West,East
879,5:00pm - 6:00pm,others,2,West,East
880,6:00pm - 7:00pm,cars_SUV,50,West,East
881,6:00pm - 7:00pm,motorcycles_scooters,71,West,East
882,6:00pm - 7:00pm,taxi,12,West,East
883,6:00pm - 7:00pm,buses,,West,East
884,6:00pm - 7:00pm,smallTrucks,5,West,East
885,6:00pm - 7:00pm,largeTrucks,,West,East
886,6:00pm - 7:00pm,bicycle_tricycle,,West,East
887,6:00pm - 7:00pm,jeepney,2,West,East
888,6:00pm - 7:00pm,motorela,112,West,East
889,6:00pm - 7:00pm,others,2,West,East
890,7:00pm - 8:00pm,cars_SUV,45,West,East
891,7:00pm - 8:00pm,motorcycles_scooters,46,West,East
892,7:00pm - 8:00pm,taxi,9,West,East
893,7:00pm - 8:00pm,buses,,West,East
894,7:00pm - 8:00pm,smallTrucks,3,West,East
895,7:00pm - 8:00pm,largeTrucks,,West,East
896,7:00pm - 8:00pm,bicycle_tricycle,,West,East
897,7:00pm - 8:00pm,jeepney,3,West,East
898,7:00pm - 8:00pm,motorela,96,West,East
899,7:00pm - 8:00pm,others,,West,East
900,5:00am - 6:00am,cars_SUV,3,East,North
901,5:00am - 6:00am,motorcycles_scooters,3,East,North
902,5:00am - 6:00am,taxi,1,East,North
903,5:00am - 6:00am,buses,,East,North
904,5:00am - 6:00am,smallTrucks,,East,North
905,5:00am - 6:00am,largeTrucks,,East,North
906,5:00am - 6:00am,bicycle_tricycle,,East,North
907,5:00am - 6:00am,jeepney,1,East,North
908,5:00am - 6:00am,motorela,7,East,North
909,5:00am - 6:00am,others,,East,North
910,6:00am - 7:00am,cars_SUV,1,East,North
911,6:00am - 7:00am,motorcycles_scooters,7,East,North
912,6:00am - 7:00am,taxi,,East,North
913,6:00am - 7:00am,buses,,East,North
914,6:00am - 7:00am,smallTrucks,,East,North
915,6:00am - 7:00am,largeTrucks,,East,North
916,6:00am - 7:00am,bicycle_tricycle,,East,North
917,6:00am - 7:00am,jeepney,,East,North
918,6:00am - 7:00am,motorela,17,East,North
919,6:00am - 7:00am,others,,East,North
920,7:00am - 8:00am,cars_SUV,,East,North
921,7:00am - 8:00am,motorcycles_scooters,16,East,North
922,7:00am - 8:00am,taxi,5,East,North
923,7:00am - 8:00am,buses,,East,North
924,7:00am - 8:00am,smallTrucks,,East,North
925,7:00am - 8:00am,largeTrucks,,East,North
926,7:00am - 8:00am,bicycle_tricycle,,East,North
927,7:00am - 8:00am,jeepney,,East,North
928,7:00am - 8:00am,motorela,39,East,North
929,7:00am - 8:00am,others,,East,North
930,8:00am - 9:00am,cars_SUV,26,East,North
931,8:00am - 9:00am,motorcycles_scooters,19,East,North
932,8:00am - 9:00am,taxi,10,East,North
933,8:00am - 9:00am,buses,,East,North
934,8:00am - 9:00am,smallTrucks,,East,North
935,8:00am - 9:00am,largeTrucks,,East,North
936,8:00am - 9:00am,bicycle_tricycle,,East,North
937,8:00am - 9:00am,jeepney,,East,North
938,8:00am - 9:00am,motorela,31,East,North
939,8:00am - 9:00am,others,,East,North
940,9:00am - 10:00am,cars_SUV,13,East,North
941,9:00am - 10:00am,motorcycles_scooters,27,East,North
942,9:00am - 10:00am,taxi,9,East,North
943,9:00am - 10:00am,buses,,East,North
944,9:00am - 10:00am,smallTrucks,,East,North
945,9:00am - 10:00am,largeTrucks,,East,North
946,9:00am - 10:00am,bicycle_tricycle,,East,North
947,9:00am - 10:00am,jeepney,,East,North
948,9:00am - 10:00am,motorela,39,East,North
949,9:00am - 10:00am,others,,East,North
950,10:00am - 11:00am,cars_SUV,14,East,North
951,10:00am - 11:00am,motorcycles_scooters,24,East,North
952,10:00am - 11:00am,taxi,7,East,North
953,10:00am - 11:00am,buses,,East,North
954,10:00am - 11:00am,smallTrucks,,East,North
955,10:00am - 11:00am,largeTrucks,,East,North
956,10:00am - 11:00am,bicycle_tricycle,,East,North
957,10:00am - 11:00am,jeepney,1,East,North
958,10:00am - 11:00am,motorela,40,East,North
959,10:00am - 11:00am,others,2,East,North
960,11:00am - 12:00nn,cars_SUV,13,East,North
961,11:00am - 12:00nn,motorcycles_scooters,24,East,North
962,11:00am - 12:00nn,taxi,14,East,North
963,11:00am - 12:00nn,buses,,East,North
964,11:00am - 12:00nn,smallTrucks,,East,North
965,11:00am - 12:00nn,largeTrucks,,East,North
966,11:00am - 12:00nn,bicycle_tricycle,,East,North
967,11:00am - 12:00nn,jeepney,,East,North
968,11:00am - 12:00nn,motorela,62,East,North
969,11:00am - 12:00nn,others,2,East,North
970,12:00nn - 1:00pm,cars_SUV,7,East,North
971,12:00nn - 1:00pm,motorcycles_scooters,12,East,North
972,12:00nn - 1:00pm,taxi,11,East,North
973,12:00nn - 1:00pm,buses,,East,North
974,12:00nn - 1:00pm,smallTrucks,,East,North
975,12:00nn - 1:00pm,largeTrucks,,East,North
976,12:00nn - 1:00pm,bicycle_tricycle,,East,North
977,12:00nn - 1:00pm,jeepney,,East,North
978,12:00nn - 1:00pm,motorela,59,East,North
979,12:00nn - 1:00pm,others,,East,North
980,1:00pm - 2:00pm,cars_SUV,31,East,North
981,1:00pm - 2:00pm,motorcycles_scooters,22,East,North
982,1:00pm - 2:00pm,taxi,18,East,North
983,1:00pm - 2:00pm,buses,,East,North
984,1:00pm - 2:00pm,smallTrucks,,East,North
985,1:00pm - 2:00pm,largeTrucks,,East,North
986,1:00pm - 2:00pm,bicycle_tricycle,,East,North
987,1:00pm - 2:00pm,jeepney,1,East,North
988,1:00pm - 2:00pm,motorela,70,East,North
989,1:00pm - 2:00pm,others,2,East,North
990,2:00pm - 3:00pm,cars_SUV,18,East,North
991,2:00pm - 3:00pm,motorcycles_scooters,29,East,North
992,2:00pm - 3:00pm,taxi,16,East,North
993,2:00pm - 3:00pm,buses,,East,North
994,2:00pm - 3:00pm,smallTrucks,,East,North
995,2:00pm - 3:00pm,largeTrucks,,East,North
996,2:00pm - 3:00pm,bicycle_tricycle,,East,North
997,2:00pm - 3:00pm,jeepney,1,East,North
998,2:00pm - 3:00pm,motorela,61,East,North
999,2:00pm - 3:00pm,others,2,East,North
1000,3:00pm - 4:00pm,cars_SUV,14,East,North
1001,3:00pm - 4:00pm,motorcycles_scooters,30,East,North
1002,3:00pm - 4:00pm,taxi,14,East,North
1003,3:00pm - 4:00pm,buses,,East,North
1004,3:00pm - 4:00pm,smallTrucks,,East,North
1005,3:00pm - 4:00pm,largeTrucks,,East,North
1006,3:00pm - 4:00pm,bicycle_tricycle,,East,North
1007,3:00pm - 4:00pm,jeepney,3,East,North
1008,3:00pm - 4:00pm,motorela,60,East,North
1009,3:00pm - 4:00pm,others,2,East,North
1010,4:00pm - 5:00pm,cars_SUV,24,East,North
1011,4:00pm - 5:00pm,motorcycles_scooters,28,East,North
1012,4:00pm - 5:00pm,taxi,1,East,North
1013,4:00pm - 5:00pm,buses,,East,North
1014,4:00pm - 5:00pm,smallTrucks,,East,North
1015,4:00pm - 5:00pm,largeTrucks,,East,North
1016,4:00pm - 5:00pm,bicycle_tricycle,,East,North
1017,4:00pm - 5:00pm,jeepney,,East,North
1018,4:00pm - 5:00pm,motorela,66,East,North
1019,4:00pm - 5:00pm,others,1,East,North
1020,5:00pm - 6:00pm,cars_SUV,14,East,North
1021,5:00pm - 6:00pm,motorcycles_scooters,19,East,North
1022,5:00pm - 6:00pm,taxi,7,East,North
1023,5:00pm - 6:00pm,buses,,East,North
1024,5:00pm - 6:00pm,smallTrucks,,East,North
1025,5:00pm - 6:00pm,largeTrucks,,East,North
1026,5:00pm - 6:00pm,bicycle_tricycle,,East,North
1027,5:00pm - 6:00pm,jeepney,1,East,North
1028,5:00pm - 6:00pm,motorela,64,East,North
1029,5:00pm - 6:00pm,others,2,East,North
1030,6:00pm - 7:00pm,cars_SUV,11,East,North
1031,6:00pm - 7:00pm,motorcycles_scooters,22,East,North
1032,6:00pm - 7:00pm,taxi,4,East,North
1033,6:00pm - 7:00pm,buses,,East,North
1034,6:00pm - 7:00pm,smallTrucks,,East,North
1035,6:00pm - 7:00pm,largeTrucks,,East,North
1036,6:00pm - 7:00pm,bicycle_tricycle,,East,North
1037,6:00pm - 7:00pm,jeepney,1,East,North
1038,6:00pm - 7:00pm,motorela,56,East,North
1039,6:00pm - 7:00pm,others,3,East,North
1040,7:00pm - 8:00pm,cars_SUV,4,East,North
1041,7:00pm - 8:00pm,motorcycles_scooters,16,East,North
1042,7:00pm - 8:00pm,taxi,2,East,North
1043,7:00pm - 8:00pm,buses,,East,North
1044,7:00pm - 8:00pm,smallTrucks,,East,North
1045,7:00pm - 8:00pm,largeTrucks,,East,North
1046,7:00pm - 8:00pm,bicycle_tricycle,,East,North
1047,7:00pm - 8:00pm,jeepney,,East,North
1048,7:00pm - 8:00pm,motorela,59,East,North
1049,7:00pm - 8:00pm,others,1,East,North
1050,5:00am - 6:00am,cars_SUV,9,East,West
1051,5:00am - 6:00am,motorcycles_scooters,30,East,West
1052,5:00am - 6:00am,taxi,2,East,West
1053,5:00am - 6:00am,buses,,East,West
1054,5:00am - 6:00am,smallTrucks,,East,West
1055,5:00am - 6:00am,largeTrucks,,East,West
1056,5:00am - 6:00am,bicycle_tricycle,,East,West
1057,5:00am - 6:00am,jeepney,28,East,West
1058,5:00am - 6:00am,motorela,68,East,West
1059,5:00am - 6:00am,others,4,East,West
1060,6:00am - 7:00am,cars_SUV,18,East,West
1061,6:00am - 7:00am,motorcycles_scooters,74,East,West
1062,6:00am - 7:00am,taxi,7,East,West
1063,6:00am - 7:00am,buses,,East,West
1064,6:00am - 7:00am,smallTrucks,,East,West
1065,6:00am - 7:00am,largeTrucks,,East,West
1066,6:00am - 7:00am,bicycle_tricycle,,East,West
1067,6:00am - 7:00am,jeepney,92,East,West
1068,6:00am - 7:00am,motorela,100,East,West
1069,6:00am - 7:00am,others,7,East,West
1070,7:00am - 8:00am,cars_SUV,35,East,West
1071,7:00am - 8:00am,motorcycles_scooters,158,East,West
1072,7:00am - 8:00am,taxi,19,East,West
1073,7:00am - 8:00am,buses,,East,West
1074,7:00am - 8:00am,smallTrucks,3,East,West
1075,7:00am - 8:00am,largeTrucks,,East,West
1076,7:00am - 8:00am,bicycle_tricycle,,East,West
1077,7:00am - 8:00am,jeepney,203,East,West
1078,7:00am - 8:00am,motorela,203,East,West
1079,7:00am - 8:00am,others,15,East,West
1080,8:00am - 9:00am,cars_SUV,85,East,West
1081,8:00am - 9:00am,motorcycles_scooters,90,East,West
1082,8:00am - 9:00am,taxi,26,East,West
1083,8:00am - 9:00am,buses,,East,West
1084,8:00am - 9:00am,smallTrucks,11,East,West
1085,8:00am - 9:00am,largeTrucks,,East,West
1086,8:00am - 9:00am,bicycle_tricycle,,East,West
1087,8:00am - 9:00am,jeepney,173,East,West
1088,8:00am - 9:00am,motorela,257,East,West
1089,8:00am - 9:00am,others,12,East,West
1090,9:00am - 10:00am,cars_SUV,96,East,West
1091,9:00am - 10:00am,motorcycles_scooters,160,East,West
1092,9:00am - 10:00am,taxi,34,East,West
1093,9:00am - 10:00am,buses,,East,West
1094,9:00am - 10:00am,smallTrucks,18,East,West
1095,9:00am - 10:00am,largeTrucks,,East,West
1096,9:00am - 10:00am,bicycle_tricycle,,East,West
1097,9:00am - 10:00am,jeepney,138,East,West
1098,9:00am - 10:00am,motorela,266,East,West
1099,9:00am - 10:00am,others,8,East,West
1100,10:00am - 11:00am,cars_SUV,129,East,West
1101,10:00am - 11:00am,motorcycles_scooters,143,East,West
1102,10:00am - 11:00am,taxi,66,East,West
1103,10:00am - 11:00am,buses,,East,West
1104,10:00am - 11:00am,smallTrucks,12,East,West
1105,10:00am - 11:00am,largeTrucks,,East,West
1106,10:00am - 11:00am,bicycle_tricycle,,East,West
1107,10:00am - 11:00am,jeepney,25,East,West
1108,10:00am - 11:00am,motorela,259,East,West
1109,10:00am - 11:00am,others,9,East,West
1110,11:00am - 12:00nn,cars_SUV,109,East,West
1111,11:00am - 12:00nn,motorcycles_scooters,131,East,West
1112,11:00am - 12:00nn,taxi,56,East,West
1113,11:00am - 12:00nn,buses,,East,West
1114,11:00am - 12:00nn,smallTrucks,10,East,West
1115,11:00am - 12:00nn,largeTrucks,2,East,West
1116,11:00am - 12:00nn,bicycle_tricycle,,East,West
1117,11:00am - 12:00nn,jeepney,39,East,West
1118,11:00am - 12:00nn,motorela,259,East,West
1119,11:00am - 12:00nn,others,9,East,West
1120,12:00nn - 1:00pm,cars_SUV,62,East,West
1121,12:00nn - 1:00pm,motorcycles_scooters,69,East,West
1122,12:00nn - 1:00pm,taxi,26,East,West
1123,12:00nn - 1:00pm,buses,,East,West
1124,12:00nn - 1:00pm,smallTrucks,3,East,West
1125,12:00nn - 1:00pm,largeTrucks,,East,West
1126,12:00nn - 1:00pm,bicycle_tricycle,,East,West
1127,12:00nn - 1:00pm,jeepney,66,East,West
1128,12:00nn - 1:00pm,motorela,168,East,West
1129,12:00nn - 1:00pm,others,1,East,West
1130,1:00pm - 2:00pm,cars_SUV,89,East,West
1131,1:00pm - 2:00pm,motorcycles_scooters,122,East,West
1132,1:00pm - 2:00pm,taxi,30,East,West
1133,1:00pm - 2:00pm,buses,,East,West
1134,1:00pm - 2:00pm,smallTrucks,,East,West
1135,1:00pm - 2:00pm,largeTrucks,,East,West
1136,1:00pm - 2:00pm,bicycle_tricycle,,East,West
1137,1:00pm - 2:00pm,jeepney,87,East,West
1138,1:00pm - 2:00pm,motorela,190,East,West
1139,1:00pm - 2:00pm,others,5,East,West
1140,2:00pm - 3:00pm,cars_SUV,88,East,West
1141,2:00pm - 3:00pm,motorcycles_scooters,117,East,West
1142,2:00pm - 3:00pm,taxi,40,East,West
1143,2:00pm - 3:00pm,buses,,East,West
1144,2:00pm - 3:00pm,smallTrucks,15,East,West
1145,2:00pm - 3:00pm,largeTrucks,4,East,West
1146,2:00pm - 3:00pm,bicycle_tricycle,,East,West
1147,2:00pm - 3:00pm,jeepney,97,East,West
1148,2:00pm - 3:00pm,motorela,179,East,West
1149,2:00pm - 3:00pm,others,4,East,West
1150,3:00pm - 4:00pm,cars_SUV,97,East,West
1151,3:00pm - 4:00pm,motorcycles_scooters,101,East,West
1152,3:00pm - 4:00pm,taxi,41,East,West
1153,3:00pm - 4:00pm,buses,,East,West
1154,3:00pm - 4:00pm,smallTrucks,16,East,West
1155,3:00pm - 4:00pm,largeTrucks,,East,West
1156,3:00pm - 4:00pm,bicycle_tricycle,,East,West
1157,3:00pm - 4:00pm,jeepney,75,East,West
1158,3:00pm - 4:00pm,motorela,152,East,West
1159,3:00pm - 4:00pm,others,4,East,West
1160,4:00pm - 5:00pm,cars_SUV,88,East,West
1161,4:00pm - 5:00pm,motorcycles_scooters,106,East,West
1162,4:00pm - 5:00pm,taxi,34,East,West
1163,4:00pm - 5:00pm,buses,1,East,West
1164,4:00pm - 5:00pm,smallTrucks,14,East,West
1165,4:00pm - 5:00pm,largeTrucks,,East,West
1166,4:00pm - 5:00pm,bicycle_tricycle,,East,West
1167,4:00pm - 5:00pm,jeepney,72,East,West
1168,4:00pm - 5:00pm,motorela,155,East,West
1169,4:00pm - 5:00pm,others,4,East,West
1170,5:00pm - 6:00pm,cars_SUV,85,East,West
1171,5:00pm - 6:00pm,motorcycles_scooters,109,East,West
1172,5:00pm - 6:00pm,taxi,31,East,West
1173,5:00pm - 6:00pm,buses,,East,West
1174,5:00pm - 6:00pm,smallTrucks,8,East,West
1175,5:00pm - 6:00pm,largeTrucks,,East,West
1176,5:00pm - 6:00pm,bicycle_tricycle,,East,West
1177,5:00pm - 6:00pm,jeepney,80,East,West
1178,5:00pm - 6:00pm,motorela,147,East,West
1179,5:00pm - 6:00pm,others,2,East,West
1180,6:00pm - 7:00pm,cars_SUV,87,East,West
1181,6:00pm - 7:00pm,motorcycles_scooters,92,East,West
1182,6:00pm - 7:00pm,taxi,27,East,West
1183,6:00pm - 7:00pm,buses,,East,West
1184,6:00pm - 7:00pm,smallTrucks,5,East,West
1185,6:00pm - 7:00pm,largeTrucks,,East,West
1186,6:00pm - 7:00pm,bicycle_tricycle,,East,West
1187,6:00pm - 7:00pm,jeepney,75,East,West
1188,6:00pm - 7:00pm,motorela,140,East,West
1189,6:00pm - 7:00pm,others,6,East,West
1190,7:00pm - 8:00pm,cars_SUV,47,East,West
1191,7:00pm - 8:00pm,motorcycles_scooters,68,East,West
1192,7:00pm - 8:00pm,taxi,18,East,West
1193,7:00pm - 8:00pm,buses,,East,West
1194,7:00pm - 8:00pm,smallTrucks,3,East,West
1195,7:00pm - 8:00pm,largeTrucks,,East,West
1196,7:00pm - 8:00pm,bicycle_tricycle,,East,West
1197,7:00pm - 8:00pm,jeepney,47,East,West
1198,7:00pm - 8:00pm,motorela,66,East,West
1199,7:00pm - 8:00pm,others,2,East,West
